card_151.png,0
card_152.png,0
card_153.png,0
card_154.png,0
card_155.png,0
card_156.png,0
card_157.png,0
card_158.png,0
card_159.png,0
card_160.png,0
card_161.png,0
card_162.png,0
card_163.png,0
card_164.png,0
card_165.png,0
card_166.png,0
card_167.png,0
card_168.png,0
card_169.png,0
card_170.png,0
card_171.png,0
card_172.png,0
card_173.png,0
card_174.png,0
card_175.png,0
card_176.png,0
card_177.png,0
card_178.png,0
card_179.png,0
card_180.png,0
card_181.png,0
card_182.png,0
card_183.png,0
card_184.png,0
card_185.png,0
card_186.png,0
card_187.png,0
card_188.png,0
card_189.png,0
card_190.png,0
card_191.png,0
card_192.png,0
card_193.png,0
card_194.png,0
card_195.png,0
card_196.png,0
card_197.png,0
card_198.png,0
card_199.png,0
card_200.png,0
card_201.png,0
card_202.png,0
card_203.png,0
card_204.png,0
card_205.png,0
card_206.png,0
card_207.png,0
card_208.png,0
card_209.png,0
card_210.png,0
card_211.png,0
card_212.png,0
card_213.png,0
card_214.png,0
card_215.png,0
card_216.png,0
card_217.png,0
card_218.png,0
card_219.png,0
card_220.png,0
card_221.png,0
card_222.png,0
card_223.png,0
card_224.png,0
card_225.png,0
card_226.png,0
card_227.png,0
card_228.png,0
card_229.png,0
card_230.png,0
card_231.png,0
card_232.png,0
card_233.png,0
card_234.png,0
card_235.png,0
card_236.png,0
card_237.png,0
card_238.png,0
card_239.png,0
card_240.png,0
card_241.png,0
card_242.png,0
card_243.png,0
card_244.png,0
card_245.png,0
card_246.png,0
card_247.png,0
card_248.png,0
card_249.png,0
card_250.png,0
card_251.png,0
card_252.png,0
card_253.png,0
card_254.png,0
card_255.png,0
card_256.png,0
card_257.png,0
card_258.png,0
card_259.png,0
card_260.png,0
card_261.png,0
card_262.png,0
card_263.png,0
card_264.png,0
card_265.png,0
card_266.png,0
card_267.png,0
card_268.png,0
card_269.png,0
card_270.png,1
card_271.png,1
card_272.png,1
card_273.png,1
card_274.png,1
card_275.png,1
card_276.png,1
card_277.png,1
card_278.png,1
card_279.png,1
card_280.png,1
card_281.png,1
card_282.png,1
card_283.png,1
card_284.png,1
card_285.png,1
card_286.png,1
card_287.png,1
card_288.png,1
card_289.png,1
card_290.png,1
card_291.png,1
card_292.png,1
card_293.png,1
card_294.png,1
card_295.png,1
card_296.png,1
card_297.png,1
card_298.png,1
card_299.png,1
card_300.png,1
card_301.png,1
card_302.png,1
card_303.png,1
card_304.png,1
card_305.png,1
card_306.png,1
card_307.png,1
card_308.png,1
card_309.png,1
card_310.png,1
card_311.png,1
card_312.png,1
card_313.png,1
card_314.png,1
card_315.png,1
card_316.png,1
card_317.png,1
card_318.png,1
card_319.png,1
card_320.png,1
card_321.png,1
card_322.png,1
card_323.png,1
card_324.png,1
card_325.png,1
card_326.png,1
card_327.png,1
card_328.png,1
card_329.png,1
card_330.png,1
card_331.png,1
card_332.png,1
card_333.png,1
card_334.png,1
card_335.png,1
card_336.png,1
card_337.png,1
card_338.png,1
card_339.png,1
card_340.png,1
card_341.png,1
card_342.png,1
card_343.png,1
card_344.png,1
card_345.png,1
card_346.png,1
